Type;Title;Author;Summary;Link;Image;Tags;Relevance Categories
Book;The Science of Storytelling;Will Storr;"A deep dive into the psychological and neuroscientific reasons why stories captivate us, offering practical insights for crafting compelling narratives.";https://www.amazon.com/Science-Storytelling-Stories-Better-Understanding/dp/1419743031;https://example.com/image1.jpg;"storytelling, psychology, narrative structure, audience engagement";"storytelling, clarity, user_focus"
Book;Storyworthy: Engage, Teach, Persuade, and Change Your Life through the Power of Storytelling;Matthew Dicks;"A practical guide to finding, developing, and telling engaging personal stories that can impact both professional and personal life.";https://www.amazon.com/Storyworthy-Engage-Persuade-through-Storytelling/dp/1608685489;https://example.com/image2.jpg;"personal storytelling, presentation skills, public speaking, engagement";"storytelling, clarity, user_focus"
Book;The Anatomy of Story: 22 Steps to Becoming a Master Storyteller;John Truby;"A comprehensive guide to story structure and character development, offering a systematic approach to crafting compelling narratives.";https://www.amazon.com/Anatomy-Story-22-Steps-Storyteller/dp/0865479933;https://example.com/image3.jpg;"story structure, character development, narrative design, writing";"storytelling, technical_skills, innovation"
Book;The Storytelling Animal: How Stories Make Us Human;Jonathan Gottschall;"An exploration of how storytelling shapes human nature, culture, and daily life, backed by scientific research.";https://www.amazon.com/Storytelling-Animal-Stories-Make-Human/dp/0544002342;https://example.com/image4.jpg;"human psychology, cultural impact, storytelling theory";"storytelling, user_focus, innovation"
Book;The Storyteller's Secret: From TED Speakers to Business Legends, Why Some Ideas Catch On and Others Don't;Carmine Gallo;"Analysis of successful storytellers and speakers, revealing the techniques that make their ideas memorable and impactful.";https://www.amazon.com/Storytellers-Secret-Speakers-Business-Legends/dp/1250072239;https://example.com/image5.jpg;"presentation, business communication, idea spreading, public speaking";"storytelling, clarity, user_focus"
Book;How to Tell a Story: The Essential Guide to Memorable Storytelling from The Moth;The Moth;"Practical guidance on crafting and delivering compelling personal stories, based on The Moth's extensive experience.";https://www.amazon.com/How-Tell-Story-Essential-Storytelling/dp/0593139003;https://example.com/image6.jpg;"personal stories, oral storytelling, performance, authenticity";"storytelling, clarity"
Book;The Creative Act: A Way of Being;Rick Rubin;"An exploration of creativity and artistic expression, offering insights into the creative process and artistic development.";https://www.amazon.com/Creative-Act-Way-Being/dp/0593652886;https://example.com/image7.jpg;"creativity, artistic expression, innovation, process";"innovation, technical_skills"
Book;Design Is Storytelling;Ellen Lupton;"A guide to using storytelling principles in design, connecting narrative concepts with visual communication.";https://www.amazon.com/Design-Storytelling-Ellen-Lupton/dp/194230319X;https://example.com/image8.jpg;"design, visual storytelling, communication, user experience";"storytelling, user_focus, technical_skills"
Book;Storytelling for User Experience: Crafting Stories for Better Design;Whitney Quesenbery;"A practical guide to using storytelling techniques in UX design to create better user experiences.";https://www.amazon.com/Storytelling-User-Experience-Crafting-Stories/dp/1933820039;https://example.com/image9.jpg;"UX design, user stories, design process, user research";"user_focus, technical_skills, clarity"
Book;Stories That Stick: How Storytelling Can Captivate Customers, Influence Audiences, and Transform Your Business;Kindra Hall;"Strategic approach to using storytelling in business contexts to engage customers and drive results.";https://www.amazon.com/Stories-That-Stick-Storytelling-Customers/dp/1400211935;https://example.com/image10.jpg;"business storytelling, marketing, customer engagement, brand narrative";"storytelling, user_focus, clarity"
Book;Pixar Storytelling: Rules for Effective Storytelling Based on Pixar's Greatest Films;Dean Movshovitz;"Analysis of Pixar's storytelling techniques and principles, offering insights into creating engaging narratives.";https://www.amazon.com/Pixar-Storytelling-Effective-Based-Greatest/dp/0986420506;https://example.com/image11.jpg;"animation, film storytelling, narrative structure, emotional engagement";"storytelling, innovation, user_focus"
Book;Everyday Business Storytelling: Create, Simplify, and Adapt A Visual Narrative for Any Audience;Janine Kurnoff;"Guide to creating and adapting business narratives for different audiences using visual storytelling.";https://www.amazon.com/Everyday-Business-Storytelling-Simplify-Narrative/dp/1119704642;https://example.com/image12.jpg;"business communication, visual storytelling, presentation, audience adaptation";"clarity, user_focus, technical_skills"
Book;Best Story Wins: Storytelling for business success: An Economist Edge book;Mark Edwards;"Strategic approach to using storytelling techniques for business success and competitive advantage.";https://www.amazon.com/Best-Story-Wins-storytelling-Economist/dp/1788167260;https://example.com/image13.jpg;"business strategy, competitive advantage, corporate storytelling";"storytelling, clarity, user_focus"
Book;Don't Make Me Think;Steve Krug;"Classic guide on web usability and creating intuitive user experiences through clear design and communication.";https://www.amazon.com/Dont-Make-Think-Revisited-Usability/dp/0321965515;https://example.com/image14.jpg;"usability, web design, user experience, clarity";"user_focus, clarity, technical_skills"
Book;Writing Is Designing: Words and the User Experience;Michael J. Metts;"Exploration of how writing and content strategy are integral to the design and user experience process.";https://www.amazon.com/Writing-Designing-Words-User-Experience/dp/1933820667;https://example.com/image15.jpg;"UX writing, content design, user experience, communication";"clarity, user_focus, technical_skills"
Book;Content Everywhere: Strategy and Structure for Future-Ready Content;Sara Wachter-Boettcher;"Guide to creating flexible, adaptable content strategies for modern digital platforms.";https://www.amazon.com/Content-Everywhere-Strategy-Structure-Future-Ready/dp/193382087X;https://example.com/image16.jpg;"content strategy, digital content, adaptability, structure";"technical_skills, clarity, innovation"
Book;Content Strategy for the Web;Kristina Halvorson;"Comprehensive guide to planning, creating, and managing content for web platforms.";https://www.amazon.com/Content-Strategy-Web-Kristina-Halvorson/dp/0321808304;https://example.com/image17.jpg;"web content, strategy, content management, planning";"technical_skills, clarity, user_focus"
Article;The Science of Great UI: How to Design for Trust and Clarity;Nielsen Norman Group;"Research-based article on how visual hierarchy, clear communication, and thoughtful design patterns can build trust and improve user understanding.";https://www.nngroup.com/articles/design-trust-clarity;https://example.com/image101.jpg;"UI design, visual hierarchy, communication, trust, usability";"clarity, user_focus, technical_skills"
Article;The Psychology of Storytelling: Why We Love Stories;Harvard Business Review;"Deep dive into the psychological and neurological reasons why storytelling is such a powerful tool for communication and engagement.";https://hbr.org/2014/10/why-your-brain-loves-good-storytelling;https://example.com/image102.jpg;"psychology, storytelling, engagement, neuroscience";"storytelling, user_focus"
Article;Innovation in UX: Breaking Design Patterns with Purpose;Smashing Magazine;"How to innovate in UX design while maintaining usability, including case studies of successful pattern breaks.";https://www.smashingmagazine.com/2022/04/breaking-design-patterns-with-purpose;https://example.com/image103.jpg;"UX design, innovation, design patterns, creativity";"innovation, technical_skills, user_focus"
Article;Technical Writing for Impact: A Guide to Clear Communication;A List Apart;"Comprehensive guide on writing technical content that is both accurate and accessible to different audiences.";https://alistapart.com/article/technical-writing-for-impact;https://example.com/image104.jpg;"technical writing, communication, documentation, clarity";"clarity, technical_skills"
Article;The Art of Technical Storytelling in Product Design;UX Collective;"How to combine technical expertise with storytelling to create more engaging and effective product experiences.";https://uxdesign.cc/the-art-of-technical-storytelling;https://example.com/image105.jpg;"product design, technical communication, storytelling, UX";"storytelling, technical_skills, clarity"
Article;User-Centered Innovation: From Theory to Practice;Interaction Design Foundation;"Practical approaches to innovating while keeping user needs at the center of the design process.";https://www.interaction-design.org/literature/article/user-centered-innovation;https://example.com/image106.jpg;"user-centered design, innovation, design process, research";"innovation, user_focus"
Article;The Role of Empathy in Technical Communication;Content Strategy Journal;"How empathy can improve technical communication and create better user experiences.";https://contentstrategy.com/empathy-technical-communication;https://example.com/image107.jpg;"empathy, technical communication, user experience, content strategy";"user_focus, clarity, technical_skills"
Article;Data Storytelling: Making Numbers Meaningful;Towards Data Science;"Techniques for presenting data and technical information in a narrative format that engages and informs.";https://towardsdatascience.com/data-storytelling-making-numbers-meaningful;https://example.com/image108.jpg;"data visualization, storytelling, technical communication, presentation";"storytelling, technical_skills, clarity"
Article;Innovation Through Constraints: The Power of Limited Resources;MIT Technology Review;"How working within constraints can drive innovation and creative problem-solving in technical fields.";https://www.technologyreview.com/innovation-through-constraints;https://example.com/image109.jpg;"innovation, problem-solving, creativity, constraints";"innovation, technical_skills"
Article;The Future of Technical Communication: AI and Human Collaboration;Content Marketing Institute;"Exploring how AI is changing technical communication and how to maintain clarity and user focus in an AI-augmented workflow.";https://contentmarketinginstitute.com/future-technical-communication-ai;https://example.com/image110.jpg;"AI, technical communication, future trends, collaboration";"technical_skills, innovation, clarity"
Podcast;Design Details;Spec Network;"Weekly conversations about design process and culture, focusing on the details that make great products and experiences.";https://open.spotify.com/show/7kAx8RJce757LXVoX2Flpf;https://example.com/image201.jpg;"design process, design culture, product design, user experience";"technical_skills, clarity, user_focus"
Podcast;In The Making;Google Design;"Behind-the-scenes insights into the design and development process at Google, featuring conversations with designers and developers.";https://open.spotify.com/show/5ykZ7DGfxkdhuCvn3jwP3X;https://example.com/image202.jpg;"design process, tech industry, product development, innovation";"innovation, technical_skills, storytelling"
Podcast;Design Better;InVision;"Conversations with design leaders about how design is transforming business and tech, focusing on best practices and innovation.";https://open.spotify.com/show/59RliaMdeDAkEgp9nj1Mkj;https://example.com/image203.jpg;"design leadership, business impact, design thinking, innovation";"innovation, clarity, user_focus"
Podcast;Design Matters;Debbie Millman;"The world's first podcast about design and an inquiry into the broader world of creative culture through wide-ranging conversations.";https://open.spotify.com/show/4dsmuZLxVGsXpQssSWrebO;https://example.com/image204.jpg;"creative culture, design thinking, storytelling, innovation";"storytelling, innovation, clarity"
Podcast;UI Breakfast;Jane Portman;"Conversations about UI/UX design, products, marketing, and so much more, with a focus on actionable insights.";https://open.spotify.com/show/1mpwVsWRVGB7SfBWqZJbAb;https://example.com/image205.jpg;"UI design, UX design, product strategy, marketing";"technical_skills, user_focus, clarity"
Podcast;Hacking UI;Sagi Shrieber & David Tintner;"Discussions about design, frontend development, and UX, featuring insights from leading designers and developers.";https://open.spotify.com/show/0NspcqOh73inw5yOXNoope;https://example.com/image206.jpg;"UI design, frontend development, UX design, technical skills";"technical_skills, innovation, clarity"
Podcast;Product Design Articles;Mixed Methods;"Deep dives into product design methodologies, research techniques, and design processes.";https://open.spotify.com/show/4JAqjsKIx3jXKpDf3bhjOw;https://example.com/image207.jpg;"product design, research, methodology, process";"technical_skills, user_focus, innovation"
Podcast;High Resolution;Bobby Ghoshal & Jared Erondu;"In-depth interviews with design leaders about how they build, manage and lead their design teams.";https://www.youtube.com/watch?v=sVc2hp9jlQ0;https://example.com/image208.jpg;"design leadership, team management, design process, career growth";"clarity, storytelling, technical_skills"
Podcast;Design Adjacent;Gus Granger;"Exploring the intersection of design with business, technology, and culture through conversations with industry leaders.";https://www.youtube.com/watch?v=l6q_4tHewMc;https://example.com/image209.jpg;"design business, technology, culture, innovation";"innovation, user_focus, storytelling"
Video;Portfolio Review & Design Critique;Sharon Yeun Kim;"Detailed portfolio review and design critique session, offering insights into effective portfolio presentation and design principles.";https://www.youtube.com/watch?v=YkMVNdBZbc0;https://example.com/image301.jpg;"portfolio review, design critique, presentation skills, visual design";"clarity, technical_skills, user_focus"
Video;Design Portfolio Tips;Sharon Yeun Kim;"Professional tips for creating a standout design portfolio, focusing on presentation and storytelling.";https://www.youtube.com/watch?v=NviDtoGOQ2A;https://example.com/image302.jpg;"portfolio design, career advice, presentation, personal branding";"storytelling, clarity, user_focus"
Video;UX Design Portfolio Best Practices;Femke Design;"Comprehensive guide to creating an effective UX design portfolio with real examples and practical tips.";https://www.youtube.com/watch?v=TxBrcdiNqcM;https://example.com/image303.jpg;"UX design, portfolio, best practices, case studies";"technical_skills, clarity, storytelling"
Video;Product Design Portfolio Review;Femke Design;"In-depth review of product design portfolios with feedback on presentation, structure, and content.";https://www.youtube.com/watch?v=UUjLC02fNFE;https://example.com/image304.jpg;"product design, portfolio review, feedback, presentation";"technical_skills, clarity, user_focus"
Video;Portfolio Q&A Session;Femke Design;"Interactive Q&A session addressing common questions about design portfolios and career development.";https://youtube.com/watch?v=OiGU3ij_QeA;https://example.com/image305.jpg;"career advice, portfolio tips, Q&A, design career";"clarity, user_focus, storytelling"
Video;Design Portfolio Mistakes to Avoid;Dann Petty;"Common mistakes in design portfolios and how to avoid them, with practical solutions and examples.";https://www.youtube.com/watch?v=9YCwmxc2Xxk;https://example.com/image306.jpg;"portfolio mistakes, design tips, improvement, best practices";"clarity, technical_skills, user_focus"
Video;Portfolio Website Design Tips;Dann Petty;"How to design an effective portfolio website that showcases your work and skills effectively.";https://www.youtube.com/watch?v=zUGdnTBEukM;https://example.com/image307.jpg;"website design, portfolio, web development, personal branding";"technical_skills, clarity, innovation"
Video;Design Portfolio Presentation Techniques;FuturAcademy;"Advanced techniques for presenting design work in your portfolio with maximum impact.";https://www.youtube.com/watch?v=gQX8mVLm6D8;https://example.com/image308.jpg;"presentation techniques, portfolio, communication, storytelling";"storytelling, clarity, user_focus"
Video;UX Research Portfolio Guide;FuturAcademy;"How to showcase UX research work and methodologies in your portfolio effectively.";https://www.youtube.com/watch?v=VFAkqNpAVSo;https://example.com/image309.jpg;"UX research, portfolio, methodology, case studies";"technical_skills, clarity, user_focus"
Video;Design Process Documentation;Flux Academy;"Guide to documenting your design process effectively in your portfolio.";https://www.youtube.com/watch?v=EDIgsIn1meM;https://example.com/image310.jpg;"design process, documentation, case studies, portfolio";"technical_skills, clarity, storytelling"
Video;Portfolio Storytelling Techniques;Jesse Showalter;"How to tell compelling stories about your design work in your portfolio.";https://www.youtube.com/watch?v=KGNL328WgG4;https://example.com/image311.jpg;"storytelling, portfolio, presentation, communication";"storytelling, clarity, user_focus"
Video;Design Case Study Structure;Jesse Showalter;"How to structure and present design case studies in your portfolio for maximum impact.";https://www.youtube.com/watch?v=uCkmRNgCcgA;https://example.com/image312.jpg;"case studies, portfolio structure, presentation, design process";"technical_skills, clarity, storytelling" 